{"products":[{"id":"0.5631146882967262","qty":2}],"totalPrice":1.9800000000000004}